 Title:, Report generated using easywire version: 2020.1.0.7085

 Operator:, Line Supervisor
 S/N:, 03AA0B0071
 Final Test Result:, Passed
 Run Number:, 470
 Cable Number:, 1
 Station ID:, CIRRIS 1
 Test Date:, 10/29/2025
 Test Time:, 10:03:25 PM
 Retry Count:, 0
 Test Name:, 11989-0312-Leakage 1S Rev A

 Title:, Error Details

 #, Type, From Points, To Points, Expected 1, Measured 1, Expected 2, Measured 2, Instruction Detail

 Title:, Measured Values

 #, Instruction Type, From Points, To Points, Value Measured, Value Expected, Measured Detail
 1, LUA COMPONENT, , , 1.000, , (Prompt 1) Scan Barcode for Process#-Description: 17b
 2, LUA COMPONENT, , , 1.000, , (Prompt 5) Scan Barcode for Rework: n
 3, LUA COMPONENT, , , 1.000, , (Prompt 6) Scan Barcode for Humidity: 32
 4, LUA COMPONENT, , , 1.000, , (Prompt 7) Scan Barcode for Temperature: 23
 5, 4WIRE, F1-DIB (F1), G1-DIB (F1), 74 mOhm, 500 mOhm, Measured 74 mOhm 
 6, 4WIRE, F42-DIB (R16), G42-DIB (R16), 71 mOhm, 500 mOhm, Measured 71 mOhm 
 7, 4WIRE, F46-DIB (F17), G46-DIB (F17), 78 mOhm, 500 mOhm, Measured 78 mOhm 
 8, 4WIRE, F87-DIB (R32), G87-DIB (R32), 80 mOhm, 500 mOhm, Measured 80 mOhm 
 9, 4WIRE, A46-DIB (R48), B46-DIB (R48), 74 mOhm, 500 mOhm, Measured 74 mOhm 
 10, 4WIRE, A1-DIB (R64), B1-DIB (R64), 71 mOhm, 500 mOhm, Measured 71 mOhm 
 11, CUSTOM, J100-29, J100-31, 337.150 mOhms, ," Measured 337.150 mOhms [, 40.000 Ohms] (Keithley 2400.Attach 2 Wire)"
 12, CUSTOM, G1-DIB (F1), , 492 pA, ," Measured 492.041 pAmps [, ] (Keithley 2400.Hipot & Measure Current)"
 13, CUSTOM, G1-DIB (F1), , 634 pA, ," Measured 633.861 pAmps [,  2.000 nA] (Keithley 2400.Hipot & Measure Current)"
 14, CUSTOM, G3-DIB (F2), , 841 pA, ," Measured 841.072 pAmps [,  2.000 nA] (Keithley 2400.Hipot & Measure Current)"
 15, CUSTOM, G6-DIB (F3), , 766 pA, ," Measured 766.443 pAmps [,  2.000 nA] (Keithley 2400.Hipot & Measure Current)"
 16, CUSTOM, G8-DIB (F4), , 756 pA, ," Measured 756.129 pAmps [,  2.000 nA] (Keithley 2400.Hipot & Measure Current)"
 17, CUSTOM, G12-DIB (F5), , 716 pA, ," Measured 715.935 pAmps [,  2.000 nA] (Keithley 2400.Hipot & Measure Current)"
 18, CUSTOM, G14-DIB (F6), , 1.019 nA, ," Measured  1.019 nAmps [,  2.000 nA] (Keithley 2400.Hipot & Measure Current)"
 19, CUSTOM, G17-DIB (F7), , 706 pA, ," Measured 705.713 pAmps [,  2.000 nA] (Keithley 2400.Hipot & Measure Current)"
 20, CUSTOM, G19-DIB (F8), , 711 pA, ," Measured 710.966 pAmps [,  2.000 nA] (Keithley 2400.Hipot & Measure Current)"
 21, CUSTOM, G23-DIB (F9), , 659 pA, ," Measured 658.765 pAmps [,  2.000 nA] (Keithley 2400.Hipot & Measure Current)"
 22, CUSTOM, G25-DIB (F10), , 776 pA, ," Measured 775.723 pAmps [,  2.000 nA] (Keithley 2400.Hipot & Measure Current)"
 23, CUSTOM, G28-DIB (F11), , 804 pA, ," Measured 804.028 pAmps [,  2.000 nA] (Keithley 2400.Hipot & Measure Current)"
 24, CUSTOM, G30-DIB (F12), , 823 pA, ," Measured 823.480 pAmps [,  2.000 nA] (Keithley 2400.Hipot & Measure Current)"
 25, CUSTOM, G34-DIB (F13), , 798 pA, ," Measured 798.317 pAmps [,  2.000 nA] (Keithley 2400.Hipot & Measure Current)"
 26, CUSTOM, G36-DIB (F14), , 740 pA, ," Measured 739.796 pAmps [,  2.000 nA] (Keithley 2400.Hipot & Measure Current)"
 27, CUSTOM, F39-DIB (F15), , 650 pA, ," Measured 650.403 pAmps [,  2.000 nA] (Keithley 2400.Hipot & Measure Current)"
 28, CUSTOM, F41-DIB (F16), , 585 pA, ," Measured 584.987 pAmps [,  2.000 nA] (Keithley 2400.Hipot & Measure Current)"
 29, CUSTOM, G46-DIB (F17), , 722 pA, ," Measured 721.971 pAmps [,  2.000 nA] (Keithley 2400.Hipot & Measure Current)"
 30, CUSTOM, G48-DIB (F18), , 713 pA, ," Measured 713.117 pAmps [,  2.000 nA] (Keithley 2400.Hipot & Measure Current)"
 31, CUSTOM, G51-DIB (F19), , 704 pA, ," Measured 704.162 pAmps [,  2.000 nA] (Keithley 2400.Hipot & Measure Current)"
 32, CUSTOM, G53-DIB (F20), , 702 pA, ," Measured 702.345 pAmps [,  2.000 nA] (Keithley 2400.Hipot & Measure Current)"
 33, CUSTOM, G57-DIB (F21), , 765 pA, ," Measured 765.217 pAmps [,  2.000 nA] (Keithley 2400.Hipot & Measure Current)"
 34, CUSTOM, G59-DIB (F22), , 694 pA, ," Measured 693.890 pAmps [,  2.000 nA] (Keithley 2400.Hipot & Measure Current)"
 35, CUSTOM, G62-DIB (F23), , 728 pA, ," Measured 727.982 pAmps [,  2.000 nA] (Keithley 2400.Hipot & Measure Current)"
 36, CUSTOM, G64-DIB (F24), , 691 pA, ," Measured 690.647 pAmps [,  2.000 nA] (Keithley 2400.Hipot & Measure Current)"
 37, CUSTOM, F68-DIB (F25), , 730 pA, ," Measured 729.717 pAmps [,  2.000 nA] (Keithley 2400.Hipot & Measure Current)"
 38, CUSTOM, F70-DIB (F26), , 605 pA, ," Measured 604.680 pAmps [,  2.000 nA] (Keithley 2400.Hipot & Measure Current)"
 39, CUSTOM, F73-DIB (F27), , 851 pA, ," Measured 851.084 pAmps [,  2.000 nA] (Keithley 2400.Hipot & Measure Current)"
 40, CUSTOM, F75-DIB (F28), , 815 pA, ," Measured 815.109 pAmps [,  2.000 nA] (Keithley 2400.Hipot & Measure Current)"
 41, CUSTOM, F79-DIB (F29), , 721 pA, ," Measured 720.504 pAmps [,  2.000 nA] (Keithley 2400.Hipot & Measure Current)"
 42, CUSTOM, F81-DIB (F30), , 1.016 nA, ," Measured  1.016 nAmps [,  2.000 nA] (Keithley 2400.Hipot & Measure Current)"
 43, CUSTOM, G84-DIB (F31), , 732 pA, ," Measured 732.017 pAmps [,  2.000 nA] (Keithley 2400.Hipot & Measure Current)"
 44, CUSTOM, G86-DIB (F32), , 616 pA, ," Measured 615.527 pAmps [,  2.000 nA] (Keithley 2400.Hipot & Measure Current)"
 45, CUSTOM, B87-DIB (F33), , 918 pA, ," Measured 917.684 pAmps [,  2.000 nA] (Keithley 2400.Hipot & Measure Current)"
 46, CUSTOM, B85-DIB (F34), , 729 pA, ," Measured 729.475 pAmps [,  2.000 nA] (Keithley 2400.Hipot & Measure Current)"
 47, CUSTOM, B82-DIB (F35), , 839 pA, ," Measured 838.678 pAmps [,  2.000 nA] (Keithley 2400.Hipot & Measure Current)"
 48, CUSTOM, B80-DIB (F36), , 876 pA, ," Measured 876.264 pAmps [,  2.000 nA] (Keithley 2400.Hipot & Measure Current)"
 49, CUSTOM, B76-DIB (F37), , 813 pA, ," Measured 813.174 pAmps [,  2.000 nA] (Keithley 2400.Hipot & Measure Current)"
 50, CUSTOM, B74-DIB (F38), , 971 pA, ," Measured 971.027 pAmps [,  2.000 nA] (Keithley 2400.Hipot & Measure Current)"
 51, CUSTOM, B71-DIB (F39), , 702 pA, ," Measured 702.286 pAmps [,  2.000 nA] (Keithley 2400.Hipot & Measure Current)"
 52, CUSTOM, B69-DIB (F40), , 768 pA, ," Measured 767.868 pAmps [,  2.000 nA] (Keithley 2400.Hipot & Measure Current)"
 53, CUSTOM, B65-DIB (F41), , 845 pA, ," Measured 845.056 pAmps [,  2.000 nA] (Keithley 2400.Hipot & Measure Current)"
 54, CUSTOM, B63-DIB (F42), , 741 pA, ," Measured 741.064 pAmps [,  2.000 nA] (Keithley 2400.Hipot & Measure Current)"
 55, CUSTOM, B60-DIB (F43), , 726 pA, ," Measured 726.007 pAmps [,  2.000 nA] (Keithley 2400.Hipot & Measure Current)"
 56, CUSTOM, B58-DIB (F44), , 913 pA, ," Measured 912.881 pAmps [,  2.000 nA] (Keithley 2400.Hipot & Measure Current)"
 57, CUSTOM, B54-DIB (F45), , 771 pA, ," Measured 770.820 pAmps [,  2.000 nA] (Keithley 2400.Hipot & Measure Current)"
 58, CUSTOM, B52-DIB (F46), , 737 pA, ," Measured 737.237 pAmps [,  2.000 nA] (Keithley 2400.Hipot & Measure Current)"
 59, CUSTOM, B49-DIB (F47), , 752 pA, ," Measured 751.611 pAmps [,  2.000 nA] (Keithley 2400.Hipot & Measure Current)"
 60, CUSTOM, B47-DIB (F48), , 779 pA, ," Measured 778.632 pAmps [,  2.000 nA] (Keithley 2400.Hipot & Measure Current)"
 61, CUSTOM, B42-DIB (F49), , 792 pA, ," Measured 792.389 pAmps [,  2.000 nA] (Keithley 2400.Hipot & Measure Current)"
 62, CUSTOM, B40-DIB (F50), , 785 pA, ," Measured 784.527 pAmps [,  2.000 nA] (Keithley 2400.Hipot & Measure Current)"
 63, CUSTOM, B37-DIB (F51), , 836 pA, ," Measured 836.469 pAmps [,  2.000 nA] (Keithley 2400.Hipot & Measure Current)"
 64, CUSTOM, B35-DIB (F52), , 685 pA, ," Measured 685.345 pAmps [,  2.000 nA] (Keithley 2400.Hipot & Measure Current)"
 65, CUSTOM, B31-DIB (F53), , 838 pA, ," Measured 837.886 pAmps [,  2.000 nA] (Keithley 2400.Hipot & Measure Current)"
 66, CUSTOM, B29-DIB (F54), , 779 pA, ," Measured 779.324 pAmps [,  2.000 nA] (Keithley 2400.Hipot & Measure Current)"
 67, CUSTOM, B26-DIB (F55), , 926 pA, ," Measured 925.838 pAmps [,  2.000 nA] (Keithley 2400.Hipot & Measure Current)"
 68, CUSTOM, B24-DIB (F56), , 990 pA, ," Measured 990.345 pAmps [,  2.000 nA] (Keithley 2400.Hipot & Measure Current)"
 69, CUSTOM, B20-DIB (F57), , 901 pA, ," Measured 901.367 pAmps [,  2.000 nA] (Keithley 2400.Hipot & Measure Current)"
 70, CUSTOM, B18-DIB (F58), , 838 pA, ," Measured 838.386 pAmps [,  2.000 nA] (Keithley 2400.Hipot & Measure Current)"
 71, CUSTOM, B15-DIB (F59), , 879 pA, ," Measured 878.824 pAmps [,  2.000 nA] (Keithley 2400.Hipot & Measure Current)"
 72, CUSTOM, B13-DIB (F60), , 850 pA, ," Measured 849.825 pAmps [,  2.000 nA] (Keithley 2400.Hipot & Measure Current)"
 73, CUSTOM, B9-DIB (F61), , 940 pA, ," Measured 940.195 pAmps [,  2.000 nA] (Keithley 2400.Hipot & Measure Current)"
 74, CUSTOM, B7-DIB (F62), , 778 pA, ," Measured 777.932 pAmps [,  2.000 nA] (Keithley 2400.Hipot & Measure Current)"
 75, CUSTOM, B4-DIB (F63), , 781 pA, ," Measured 781.133 pAmps [,  2.000 nA] (Keithley 2400.Hipot & Measure Current)"
 76, CUSTOM, B2-DIB (F64), , 744 pA, ," Measured 744.291 pAmps [,  2.000 nA] (Keithley 2400.Hipot & Measure Current)"
 77, CUSTOM, G2-DIB (R1), , 700 pA, ," Measured 699.811 pAmps [,  2.000 nA] (Keithley 2400.Hipot & Measure Current)"
 78, CUSTOM, G4-DIB (R2), , 740 pA, ," Measured 739.646 pAmps [,  2.000 nA] (Keithley 2400.Hipot & Measure Current)"
 79, CUSTOM, G7-DIB (R3), , 693 pA, ," Measured 692.540 pAmps [,  2.000 nA] (Keithley 2400.Hipot & Measure Current)"
 80, CUSTOM, G9-DIB (R4), , 812 pA, ," Measured 811.923 pAmps [,  2.000 nA] (Keithley 2400.Hipot & Measure Current)"
 81, CUSTOM, G13-DIB (R5), , 743 pA, ," Measured 743.006 pAmps [,  2.000 nA] (Keithley 2400.Hipot & Measure Current)"
 82, CUSTOM, G15-DIB (R6), , 706 pA, ," Measured 705.780 pAmps [,  2.000 nA] (Keithley 2400.Hipot & Measure Current)"
 83, CUSTOM, G18-DIB (R7), , 708 pA, ," Measured 707.989 pAmps [,  2.000 nA] (Keithley 2400.Hipot & Measure Current)"
 84, CUSTOM, G20-DIB (R8), , 761 pA, ," Measured 761.015 pAmps [,  2.000 nA] (Keithley 2400.Hipot & Measure Current)"
 85, CUSTOM, G24-DIB (R9), , 872 pA, ," Measured 871.694 pAmps [,  2.000 nA] (Keithley 2400.Hipot & Measure Current)"
 86, CUSTOM, G26-DIB (R10), , 834 pA, ," Measured 834.226 pAmps [,  2.000 nA] (Keithley 2400.Hipot & Measure Current)"
 87, CUSTOM, G29-DIB (R11), , 674 pA, ," Measured 674.456 pAmps [,  2.000 nA] (Keithley 2400.Hipot & Measure Current)"
 88, CUSTOM, G31-DIB (R12), , 718 pA, ," Measured 717.561 pAmps [,  2.000 nA] (Keithley 2400.Hipot & Measure Current)"
 89, CUSTOM, G35-DIB (R13), , 667 pA, ," Measured 667.045 pAmps [,  2.000 nA] (Keithley 2400.Hipot & Measure Current)"
 90, CUSTOM, G37-DIB (R14), , 751 pA, ," Measured 751.002 pAmps [,  2.000 nA] (Keithley 2400.Hipot & Measure Current)"
 91, CUSTOM, G40-DIB (R15), , 901 pA, ," Measured 901.150 pAmps [,  2.000 nA] (Keithley 2400.Hipot & Measure Current)"
 92, CUSTOM, G42-DIB (R16), , 830 pA, ," Measured 829.682 pAmps [,  2.000 nA] (Keithley 2400.Hipot & Measure Current)"
 93, CUSTOM, G47-DIB (R17), , 738 pA, ," Measured 738.404 pAmps [,  2.000 nA] (Keithley 2400.Hipot & Measure Current)"
 94, CUSTOM, G49-DIB (R18), , 675 pA, ," Measured 674.573 pAmps [,  2.000 nA] (Keithley 2400.Hipot & Measure Current)"
 95, CUSTOM, G52-DIB (R19), , 563 pA, ," Measured 563.493 pAmps [,  2.000 nA] (Keithley 2400.Hipot & Measure Current)"
 96, CUSTOM, G54-DIB (R20), , 715 pA, ," Measured 714.901 pAmps [,  2.000 nA] (Keithley 2400.Hipot & Measure Current)"
 97, CUSTOM, G58-DIB (R21), , 643 pA, ," Measured 643.140 pAmps [,  2.000 nA] (Keithley 2400.Hipot & Measure Current)"
 98, CUSTOM, G60-DIB (R22), , 671 pA, ," Measured 671.296 pAmps [,  2.000 nA] (Keithley 2400.Hipot & Measure Current)"
 99, CUSTOM, F63-DIB (R23), , 670 pA, ," Measured 669.929 pAmps [,  2.000 nA] (Keithley 2400.Hipot & Measure Current)"
 100, CUSTOM, G65-DIB (R24), , 724 pA, ," Measured 723.980 pAmps [,  2.000 nA] (Keithley 2400.Hipot & Measure Current)"
 101, CUSTOM, F69-DIB (R25), , 731 pA, ," Measured 730.784 pAmps [,  2.000 nA] (Keithley 2400.Hipot & Measure Current)"
 102, CUSTOM, F71-DIB (R26), , 698 pA, ," Measured 697.917 pAmps [,  2.000 nA] (Keithley 2400.Hipot & Measure Current)"
 103, CUSTOM, F74-DIB (R27), , 781 pA, ," Measured 781.100 pAmps [,  2.000 nA] (Keithley 2400.Hipot & Measure Current)"
 104, CUSTOM, F76-DIB (R28), , 1.008 nA, ," Measured  1.008 nAmps [,  2.000 nA] (Keithley 2400.Hipot & Measure Current)"
 105, CUSTOM, F80-DIB (R29), , 800 pA, ," Measured 799.976 pAmps [,  2.000 nA] (Keithley 2400.Hipot & Measure Current)"
 106, CUSTOM, F82-DIB (R30), , 784 pA, ," Measured 784.251 pAmps [,  2.000 nA] (Keithley 2400.Hipot & Measure Current)"
 107, CUSTOM, F85-DIB (R31), , 667 pA, ," Measured 667.386 pAmps [,  2.000 nA] (Keithley 2400.Hipot & Measure Current)"
 108, CUSTOM, F87-DIB (R32), , 757 pA, ," Measured 757.422 pAmps [,  2.000 nA] (Keithley 2400.Hipot & Measure Current)"
 109, CUSTOM, B86-DIB (R33), , 783 pA, ," Measured 782.775 pAmps [,  2.000 nA] (Keithley 2400.Hipot & Measure Current)"
 110, CUSTOM, B84-DIB (R34), , 773 pA, ," Measured 773.063 pAmps [,  2.000 nA] (Keithley 2400.Hipot & Measure Current)"
 111, CUSTOM, B81-DIB (R35), , 834 pA, ," Measured 834.050 pAmps [,  2.000 nA] (Keithley 2400.Hipot & Measure Current)"
 112, CUSTOM, B79-DIB (R36), , 869 pA, ," Measured 869.000 pAmps [,  2.000 nA] (Keithley 2400.Hipot & Measure Current)"
 113, CUSTOM, B75-DIB (R37), , 781 pA, ," Measured 780.583 pAmps [,  2.000 nA] (Keithley 2400.Hipot & Measure Current)"
 114, CUSTOM, B73-DIB (R38), , 1.050 nA, ," Measured  1.050 nAmps [,  2.000 nA] (Keithley 2400.Hipot & Measure Current)"
 115, CUSTOM, B70-DIB (R39), , 896 pA, ," Measured 895.989 pAmps [,  2.000 nA] (Keithley 2400.Hipot & Measure Current)"
 116, CUSTOM, B68-DIB (R40), , 824 pA, ," Measured 824.154 pAmps [,  2.000 nA] (Keithley 2400.Hipot & Measure Current)"
 117, CUSTOM, B64-DIB (R41), , 805 pA, ," Measured 804.911 pAmps [,  2.000 nA] (Keithley 2400.Hipot & Measure Current)"
 118, CUSTOM, B62-DIB (R42), , 783 pA, ," Measured 782.850 pAmps [,  2.000 nA] (Keithley 2400.Hipot & Measure Current)"
 119, CUSTOM, B59-DIB (R43), , 738 pA, ," Measured 737.912 pAmps [,  2.000 nA] (Keithley 2400.Hipot & Measure Current)"
 120, CUSTOM, B57-DIB (R44), , 921 pA, ," Measured 920.860 pAmps [,  2.000 nA] (Keithley 2400.Hipot & Measure Current)"
 121, CUSTOM, B53-DIB (R45), , 753 pA, ," Measured 753.178 pAmps [,  2.000 nA] (Keithley 2400.Hipot & Measure Current)"
 122, CUSTOM, B51-DIB (R46), , 773 pA, ," Measured 773.338 pAmps [,  2.000 nA] (Keithley 2400.Hipot & Measure Current)"
 123, CUSTOM, B48-DIB (R47), , 908 pA, ," Measured 907.779 pAmps [,  2.000 nA] (Keithley 2400.Hipot & Measure Current)"
 124, CUSTOM, B46-DIB (R48), , 724 pA, ," Measured 723.563 pAmps [,  2.000 nA] (Keithley 2400.Hipot & Measure Current)"
 125, CUSTOM, B41-DIB (R49), , 891 pA, ," Measured 890.511 pAmps [,  2.000 nA] (Keithley 2400.Hipot & Measure Current)"
 126, CUSTOM, B39-DIB (R50), , 665 pA, ," Measured 664.768 pAmps [,  2.000 nA] (Keithley 2400.Hipot & Measure Current)"
 127, CUSTOM, B36-DIB (R51), , 1.001 nA, ," Measured  1.001 nAmps [,  2.000 nA] (Keithley 2400.Hipot & Measure Current)"
 128, CUSTOM, B34-DIB (R52), , 851 pA, ," Measured 850.842 pAmps [,  2.000 nA] (Keithley 2400.Hipot & Measure Current)"
 129, CUSTOM, B30-DIB (R53), , 750 pA, ," Measured 749.684 pAmps [,  2.000 nA] (Keithley 2400.Hipot & Measure Current)"
 130, CUSTOM, B28-DIB (R54), , 784 pA, ," Measured 784.468 pAmps [,  2.000 nA] (Keithley 2400.Hipot & Measure Current)"
 131, CUSTOM, B25-DIB (R55), , 998 pA, ," Measured 998.247 pAmps [,  2.000 nA] (Keithley 2400.Hipot & Measure Current)"
 132, CUSTOM, B23-DIB (R56), , 773 pA, ," Measured 773.154 pAmps [,  2.000 nA] (Keithley 2400.Hipot & Measure Current)"
 133, CUSTOM, A19-DIB (R57), , 889 pA, ," Measured 888.977 pAmps [,  2.000 nA] (Keithley 2400.Hipot & Measure Current)"
 134, CUSTOM, B17-DIB (R58), , 772 pA, ," Measured 772.095 pAmps [,  2.000 nA] (Keithley 2400.Hipot & Measure Current)"
 135, CUSTOM, B14-DIB (R59), , 819 pA, ," Measured 818.960 pAmps [,  2.000 nA] (Keithley 2400.Hipot & Measure Current)"
 136, CUSTOM, B12-DIB (R60), , 802 pA, ," Measured 801.785 pAmps [,  2.000 nA] (Keithley 2400.Hipot & Measure Current)"
 137, CUSTOM, B8-DIB (R61), , 854 pA, ," Measured 853.560 pAmps [,  2.000 nA] (Keithley 2400.Hipot & Measure Current)"
 138, CUSTOM, B6-DIB (R62), , 797 pA, ," Measured 797.066 pAmps [,  2.000 nA] (Keithley 2400.Hipot & Measure Current)"
 139, CUSTOM, B3-DIB (R63), , 680 pA, ," Measured 680.175 pAmps [,  2.000 nA] (Keithley 2400.Hipot & Measure Current)"
 140, CUSTOM, B1-DIB (R64), , 956 pA, ," Measured 955.810 pAmps [,  2.000 nA] (Keithley 2400.Hipot & Measure Current)"
 141, CUSTOM, E1-DIB (FS1), , 436 pA, ," Measured 436.056 pAmps [,  2.000 nA] (Keithley 2400.Hipot & Measure Current)"
 142, CUSTOM, E3-DIB (FS2), , 523 pA, ," Measured 522.806 pAmps [,  2.000 nA] (Keithley 2400.Hipot & Measure Current)"
 143, CUSTOM, E6-DIB (FS3), , 406 pA, ," Measured 405.607 pAmps [,  2.000 nA] (Keithley 2400.Hipot & Measure Current)"
 144, CUSTOM, E8-DIB (FS4), , 444 pA, ," Measured 443.884 pAmps [,  2.000 nA] (Keithley 2400.Hipot & Measure Current)"
 145, CUSTOM, E12-DIB (FS5), , 503 pA, ," Measured 502.671 pAmps [,  2.000 nA] (Keithley 2400.Hipot & Measure Current)"
 146, CUSTOM, E14-DIB (FS6), , 534 pA, ," Measured 534.345 pAmps [,  2.000 nA] (Keithley 2400.Hipot & Measure Current)"
 147, CUSTOM, E17-DIB (FS7), , 436 pA, ," Measured 435.780 pAmps [,  2.000 nA] (Keithley 2400.Hipot & Measure Current)"
 148, CUSTOM, E19-DIB (FS8), , 473 pA, ," Measured 472.507 pAmps [,  2.000 nA] (Keithley 2400.Hipot & Measure Current)"
 149, CUSTOM, E23-DIB (FS9), , 443 pA, ," Measured 443.268 pAmps [,  2.000 nA] (Keithley 2400.Hipot & Measure Current)"
 150, CUSTOM, E25-DIB (FS10), , 490 pA, ," Measured 490.165 pAmps [,  2.000 nA] (Keithley 2400.Hipot & Measure Current)"
 151, CUSTOM, E28-DIB (FS11), , 438 pA, ," Measured 438.248 pAmps [,  2.000 nA] (Keithley 2400.Hipot & Measure Current)"
 152, CUSTOM, E30-DIB (FS12), , 425 pA, ," Measured 424.800 pAmps [,  2.000 nA] (Keithley 2400.Hipot & Measure Current)"
 153, CUSTOM, E34-DIB (FS13), , 476 pA, ," Measured 476.108 pAmps [,  2.000 nA] (Keithley 2400.Hipot & Measure Current)"
 154, CUSTOM, E36-DIB (FS14), , 389 pA, ," Measured 389.291 pAmps [,  2.000 nA] (Keithley 2400.Hipot & Measure Current)"
 155, CUSTOM, E39-DIB (FS15), , 412 pA, ," Measured 411.935 pAmps [,  2.000 nA] (Keithley 2400.Hipot & Measure Current)"
 156, CUSTOM, E41-DIB (FS16), , 425 pA, ," Measured 424.533 pAmps [,  2.000 nA] (Keithley 2400.Hipot & Measure Current)"
 157, CUSTOM, E46-DIB (FS17), , 443 pA, ," Measured 442.734 pAmps [,  2.000 nA] (Keithley 2400.Hipot & Measure Current)"
 158, CUSTOM, E48-DIB (FS18), , 463 pA, ," Measured 462.585 pAmps [,  2.000 nA] (Keithley 2400.Hipot & Measure Current)"
 159, CUSTOM, E51-DIB (FS19), , 418 pA, ," Measured 418.038 pAmps [,  2.000 nA] (Keithley 2400.Hipot & Measure Current)"
 160, CUSTOM, E53-DIB (FS20), , 437 pA, ," Measured 436.689 pAmps [,  2.000 nA] (Keithley 2400.Hipot & Measure Current)"
 161, CUSTOM, E57-DIB (FS21), , 453 pA, ," Measured 452.714 pAmps [,  2.000 nA] (Keithley 2400.Hipot & Measure Current)"
 162, CUSTOM, E59-DIB (FS22), , 411 pA, ," Measured 410.835 pAmps [,  2.000 nA] (Keithley 2400.Hipot & Measure Current)"
 163, CUSTOM, E62-DIB (FS23), , 398 pA, ," Measured 397.620 pAmps [,  2.000 nA] (Keithley 2400.Hipot & Measure Current)"
 164, CUSTOM, E64-DIB (FS24), , 440 pA, ," Measured 440.283 pAmps [,  2.000 nA] (Keithley 2400.Hipot & Measure Current)"
 165, CUSTOM, E68-DIB (FS25), , 393 pA, ," Measured 392.676 pAmps [,  2.000 nA] (Keithley 2400.Hipot & Measure Current)"
 166, CUSTOM, E70-DIB (FS26), , 444 pA, ," Measured 443.859 pAmps [,  2.000 nA] (Keithley 2400.Hipot & Measure Current)"
 167, CUSTOM, E73-DIB (FS27), , 434 pA, ," Measured 433.946 pAmps [,  2.000 nA] (Keithley 2400.Hipot & Measure Current)"
 168, CUSTOM, E75-DIB (FS28), , 447 pA, ," Measured 446.936 pAmps [,  2.000 nA] (Keithley 2400.Hipot & Measure Current)"
 169, CUSTOM, E79-DIB (FS29), , 416 pA, ," Measured 415.929 pAmps [,  2.000 nA] (Keithley 2400.Hipot & Measure Current)"
 170, CUSTOM, E81-DIB (FS30), , 414 pA, ," Measured 413.619 pAmps [,  2.000 nA] (Keithley 2400.Hipot & Measure Current)"
 171, CUSTOM, E84-DIB (FS31), , 460 pA, ," Measured 460.217 pAmps [,  2.000 nA] (Keithley 2400.Hipot & Measure Current)"
 172, CUSTOM, E86-DIB (FS32), , 414 pA, ," Measured 414.286 pAmps [,  2.000 nA] (Keithley 2400.Hipot & Measure Current)"
 173, CUSTOM, C87-DIB (FS33), , 454 pA, ," Measured 454.231 pAmps [,  2.000 nA] (Keithley 2400.Hipot & Measure Current)"
 174, CUSTOM, C85-DIB (FS34), , 513 pA, ," Measured 513.452 pAmps [,  2.000 nA] (Keithley 2400.Hipot & Measure Current)"
 175, CUSTOM, C82-DIB (FS35), , 496 pA, ," Measured 495.801 pAmps [,  2.000 nA] (Keithley 2400.Hipot & Measure Current)"
 176, CUSTOM, C80-DIB (FS36), , 574 pA, ," Measured 573.707 pAmps [,  2.000 nA] (Keithley 2400.Hipot & Measure Current)"
 177, CUSTOM, C76-DIB (FS37), , 478 pA, ," Measured 478.368 pAmps [,  2.000 nA] (Keithley 2400.Hipot & Measure Current)"
 178, CUSTOM, C74-DIB (FS38), , 634 pA, ," Measured 633.644 pAmps [,  2.000 nA] (Keithley 2400.Hipot & Measure Current)"
 179, CUSTOM, C71-DIB (FS39), , 569 pA, ," Measured 569.188 pAmps [,  2.000 nA] (Keithley 2400.Hipot & Measure Current)"
 180, CUSTOM, C69-DIB (FS40), , 458 pA, ," Measured 458.225 pAmps [,  2.000 nA] (Keithley 2400.Hipot & Measure Current)"
 181, CUSTOM, C65-DIB (FS41), , 480 pA, ," Measured 480.119 pAmps [,  2.000 nA] (Keithley 2400.Hipot & Measure Current)"
 182, CUSTOM, C63-DIB (FS42), , 453 pA, ," Measured 452.872 pAmps [,  2.000 nA] (Keithley 2400.Hipot & Measure Current)"
 183, CUSTOM, C60-DIB (FS43), , 471 pA, ," Measured 470.673 pAmps [,  2.000 nA] (Keithley 2400.Hipot & Measure Current)"
 184, CUSTOM, C58-DIB (FS44), , 490 pA, ," Measured 489.715 pAmps [,  2.000 nA] (Keithley 2400.Hipot & Measure Current)"
 185, CUSTOM, C54-DIB (FS45), , 469 pA, ," Measured 468.538 pAmps [,  2.000 nA] (Keithley 2400.Hipot & Measure Current)"
 186, CUSTOM, C52-DIB (FS46), , 468 pA, ," Measured 468.497 pAmps [,  2.000 nA] (Keithley 2400.Hipot & Measure Current)"
 187, CUSTOM, C49-DIB (FS47), , 448 pA, ," Measured 448.245 pAmps [,  2.000 nA] (Keithley 2400.Hipot & Measure Current)"
 188, CUSTOM, C47-DIB (FS48), , 542 pA, ," Measured 542.358 pAmps [,  2.000 nA] (Keithley 2400.Hipot & Measure Current)"
 189, CUSTOM, C42-DIB (FS49), , 418 pA, ," Measured 418.097 pAmps [,  2.000 nA] (Keithley 2400.Hipot & Measure Current)"
 190, CUSTOM, C40-DIB (FS50), , 462 pA, ," Measured 462.394 pAmps [,  2.000 nA] (Keithley 2400.Hipot & Measure Current)"
 191, CUSTOM, C37-DIB (FS51), , 0 pA, ," Measured 0 Amps [,  2.000 nA] (Keithley 2400.Hipot & Measure Current)"
 192, CUSTOM, C35-DIB (FS52), , 498 pA, ," Measured 497.828 pAmps [,  2.000 nA] (Keithley 2400.Hipot & Measure Current)"
 193, CUSTOM, C31-DIB (FS53), , 505 pA, ," Measured 505.348 pAmps [,  2.000 nA] (Keithley 2400.Hipot & Measure Current)"
 194, CUSTOM, C29-DIB (FS54), , 492 pA, ," Measured 492.308 pAmps [,  2.000 nA] (Keithley 2400.Hipot & Measure Current)"
 195, CUSTOM, C26-DIB (FS55), , 573 pA, ," Measured 573.323 pAmps [,  2.000 nA] (Keithley 2400.Hipot & Measure Current)"
 196, CUSTOM, C24-DIB (FS56), , 711 pA, ," Measured 710.557 pAmps [,  2.000 nA] (Keithley 2400.Hipot & Measure Current)"
 197, CUSTOM, C20-DIB (FS57), , 554 pA, ," Measured 554.047 pAmps [,  2.000 nA] (Keithley 2400.Hipot & Measure Current)"
 198, CUSTOM, C18-DIB (FS58), , 491 pA, ," Measured 491.491 pAmps [,  2.000 nA] (Keithley 2400.Hipot & Measure Current)"
 199, CUSTOM, C15-DIB (FS59), , 453 pA, ," Measured 453.356 pAmps [,  2.000 nA] (Keithley 2400.Hipot & Measure Current)"
 200, CUSTOM, C13-DIB (FS60), , 468 pA, ," Measured 468.221 pAmps [,  2.000 nA] (Keithley 2400.Hipot & Measure Current)"
 201, CUSTOM, C9-DIB (FS61), , 529 pA, ," Measured 529.427 pAmps [,  2.000 nA] (Keithley 2400.Hipot & Measure Current)"
 202, CUSTOM, C7-DIB (FS62), , 885 pA, ," Measured 885.276 pAmps [,  2.000 nA] (Keithley 2400.Hipot & Measure Current)"
 203, CUSTOM, C4-DIB (FS63), , 624 pA, ," Measured 624.256 pAmps [,  2.000 nA] (Keithley 2400.Hipot & Measure Current)"
 204, CUSTOM, C2-DIB (FS64), , 459 pA, ," Measured 459.292 pAmps [,  2.000 nA] (Keithley 2400.Hipot & Measure Current)"
 205, CUSTOM, E2-DIB (RS1), , 406 pA, ," Measured 406.249 pAmps [,  2.000 nA] (Keithley 2400.Hipot & Measure Current)"
 206, CUSTOM, E4-DIB (RS2), , 440 pA, ," Measured 439.883 pAmps [,  2.000 nA] (Keithley 2400.Hipot & Measure Current)"
 207, CUSTOM, E7-DIB (RS3), , 425 pA, ," Measured 425.050 pAmps [,  2.000 nA] (Keithley 2400.Hipot & Measure Current)"
 208, CUSTOM, E9-DIB (RS4), , 483 pA, ," Measured 482.604 pAmps [,  2.000 nA] (Keithley 2400.Hipot & Measure Current)"
 209, CUSTOM, E13-DIB (RS5), , 451 pA, ," Measured 450.813 pAmps [,  2.000 nA] (Keithley 2400.Hipot & Measure Current)"
 210, CUSTOM, E15-DIB (RS6), , 474 pA, ," Measured 473.741 pAmps [,  2.000 nA] (Keithley 2400.Hipot & Measure Current)"
 211, CUSTOM, E18-DIB (RS7), , 424 pA, ," Measured 423.649 pAmps [,  2.000 nA] (Keithley 2400.Hipot & Measure Current)"
 212, CUSTOM, E20-DIB (RS8), , 463 pA, ," Measured 463.202 pAmps [,  2.000 nA] (Keithley 2400.Hipot & Measure Current)"
 213, CUSTOM, E24-DIB (RS9), , 463 pA, ," Measured 462.968 pAmps [,  2.000 nA] (Keithley 2400.Hipot & Measure Current)"
 214, CUSTOM, E26-DIB (RS10), , 468 pA, ," Measured 467.646 pAmps [,  2.000 nA] (Keithley 2400.Hipot & Measure Current)"
 215, CUSTOM, E29-DIB (RS11), , 467 pA, ," Measured 466.812 pAmps [,  2.000 nA] (Keithley 2400.Hipot & Measure Current)"
 216, CUSTOM, E31-DIB (RS12), , 391 pA, ," Measured 390.558 pAmps [,  2.000 nA] (Keithley 2400.Hipot & Measure Current)"
 217, CUSTOM, E35-DIB (RS13), , 462 pA, ," Measured 461.760 pAmps [,  2.000 nA] (Keithley 2400.Hipot & Measure Current)"
 218, CUSTOM, E37-DIB (RS14), , 441 pA, ," Measured 441.191 pAmps [,  2.000 nA] (Keithley 2400.Hipot & Measure Current)"
 219, CUSTOM, E40-DIB (RS15), , 440 pA, ," Measured 440.232 pAmps [,  2.000 nA] (Keithley 2400.Hipot & Measure Current)"
 220, CUSTOM, E42-DIB (RS16), , 429 pA, ," Measured 428.510 pAmps [,  2.000 nA] (Keithley 2400.Hipot & Measure Current)"
 221, CUSTOM, E47-DIB (RS17), , 460 pA, ," Measured 459.650 pAmps [,  2.000 nA] (Keithley 2400.Hipot & Measure Current)"
 222, CUSTOM, E49-DIB (RS18), , 431 pA, ," Measured 431.136 pAmps [,  2.000 nA] (Keithley 2400.Hipot & Measure Current)"
 223, CUSTOM, E52-DIB (RS19), , 451 pA, ," Measured 451.313 pAmps [,  2.000 nA] (Keithley 2400.Hipot & Measure Current)"
 224, CUSTOM, E54-DIB (RS20), , 436 pA, ," Measured 436.456 pAmps [,  2.000 nA] (Keithley 2400.Hipot & Measure Current)"
 225, CUSTOM, E58-DIB (RS21), , 458 pA, ," Measured 458.091 pAmps [,  2.000 nA] (Keithley 2400.Hipot & Measure Current)"
 226, CUSTOM, E60-DIB (RS22), , 415 pA, ," Measured 414.612 pAmps [,  2.000 nA] (Keithley 2400.Hipot & Measure Current)"
 227, CUSTOM, E63-DIB (RS23), , 442 pA, ," Measured 442.367 pAmps [,  2.000 nA] (Keithley 2400.Hipot & Measure Current)"
 228, CUSTOM, E65-DIB (RS24), , 450 pA, ," Measured 450.037 pAmps [,  2.000 nA] (Keithley 2400.Hipot & Measure Current)"
 229, CUSTOM, E69-DIB (RS25), , 436 pA, ," Measured 435.772 pAmps [,  2.000 nA] (Keithley 2400.Hipot & Measure Current)"
 230, CUSTOM, E71-DIB (RS26), , 465 pA, ," Measured 464.995 pAmps [,  2.000 nA] (Keithley 2400.Hipot & Measure Current)"
 231, CUSTOM, E74-DIB (RS27), , 420 pA, ," Measured 419.906 pAmps [,  2.000 nA] (Keithley 2400.Hipot & Measure Current)"
 232, CUSTOM, E76-DIB (RS28), , 428 pA, ," Measured 427.743 pAmps [,  2.000 nA] (Keithley 2400.Hipot & Measure Current)"
 233, CUSTOM, E80-DIB (RS29), , 417 pA, ," Measured 416.538 pAmps [,  2.000 nA] (Keithley 2400.Hipot & Measure Current)"
 234, CUSTOM, E82-DIB (RS30), , 408 pA, ," Measured 407.725 pAmps [,  2.000 nA] (Keithley 2400.Hipot & Measure Current)"
 235, CUSTOM, E85-DIB (RS31), , 410 pA, ," Measured 410.360 pAmps [,  2.000 nA] (Keithley 2400.Hipot & Measure Current)"
 236, CUSTOM, E87-DIB (RS32), , 430 pA, ," Measured 429.561 pAmps [,  2.000 nA] (Keithley 2400.Hipot & Measure Current)"
 237, CUSTOM, C86-DIB (RS33), , 463 pA, ," Measured 463.244 pAmps [,  2.000 nA] (Keithley 2400.Hipot & Measure Current)"
 238, CUSTOM, C84-DIB (RS34), , 526 pA, ," Measured 525.859 pAmps [,  2.000 nA] (Keithley 2400.Hipot & Measure Current)"
 239, CUSTOM, C81-DIB (RS35), , 498 pA, ," Measured 497.503 pAmps [,  2.000 nA] (Keithley 2400.Hipot & Measure Current)"
 240, CUSTOM, C79-DIB (RS36), , 561 pA, ," Measured 560.992 pAmps [,  2.000 nA] (Keithley 2400.Hipot & Measure Current)"
 241, CUSTOM, C75-DIB (RS37), , 486 pA, ," Measured 485.697 pAmps [,  2.000 nA] (Keithley 2400.Hipot & Measure Current)"
 242, CUSTOM, C73-DIB (RS38), , 504 pA, ," Measured 503.923 pAmps [,  2.000 nA] (Keithley 2400.Hipot & Measure Current)"
 243, CUSTOM, C70-DIB (RS39), , 543 pA, ," Measured 543.400 pAmps [,  2.000 nA] (Keithley 2400.Hipot & Measure Current)"
 244, CUSTOM, C68-DIB (RS40), , 490 pA, ," Measured 489.582 pAmps [,  2.000 nA] (Keithley 2400.Hipot & Measure Current)"
 245, CUSTOM, C64-DIB (RS41), , 527 pA, ," Measured 526.667 pAmps [,  2.000 nA] (Keithley 2400.Hipot & Measure Current)"
 246, CUSTOM, C62-DIB (RS42), , 422 pA, ," Measured 421.582 pAmps [,  2.000 nA] (Keithley 2400.Hipot & Measure Current)"
 247, CUSTOM, C59-DIB (RS43), , 495 pA, ," Measured 495.010 pAmps [,  2.000 nA] (Keithley 2400.Hipot & Measure Current)"
 248, CUSTOM, C57-DIB (RS44), , 583 pA, ," Measured 583.411 pAmps [,  2.000 nA] (Keithley 2400.Hipot & Measure Current)"
 249, CUSTOM, C53-DIB (RS45), , 459 pA, ," Measured 458.567 pAmps [,  2.000 nA] (Keithley 2400.Hipot & Measure Current)"
 250, CUSTOM, C51-DIB (RS46), , 505 pA, ," Measured 505.423 pAmps [,  2.000 nA] (Keithley 2400.Hipot & Measure Current)"
 251, CUSTOM, C48-DIB (RS47), , 470 pA, ," Measured 469.923 pAmps [,  2.000 nA] (Keithley 2400.Hipot & Measure Current)"
 252, CUSTOM, C46-DIB (RS48), , 554 pA, ," Measured 554.180 pAmps [,  2.000 nA] (Keithley 2400.Hipot & Measure Current)"
 253, CUSTOM, C41-DIB (RS49), , 325 pA, ," Measured 324.618 pAmps [,  2.000 nA] (Keithley 2400.Hipot & Measure Current)"
 254, CUSTOM, C39-DIB (RS50), , 489 pA, ," Measured 488.581 pAmps [,  2.000 nA] (Keithley 2400.Hipot & Measure Current)"
 255, CUSTOM, C36-DIB (RS51), , 435 pA, ," Measured 435.464 pAmps [,  2.000 nA] (Keithley 2400.Hipot & Measure Current)"
 256, CUSTOM, C34-DIB (RS52), , 437 pA, ," Measured 436.589 pAmps [,  2.000 nA] (Keithley 2400.Hipot & Measure Current)"
 257, CUSTOM, C30-DIB (RS53), , 461 pA, ," Measured 461.126 pAmps [,  2.000 nA] (Keithley 2400.Hipot & Measure Current)"
 258, CUSTOM, C28-DIB (RS54), , 504 pA, ," Measured 503.555 pAmps [,  2.000 nA] (Keithley 2400.Hipot & Measure Current)"
 259, CUSTOM, C25-DIB (RS55), , 363 pA, ," Measured 363.295 pAmps [,  2.000 nA] (Keithley 2400.Hipot & Measure Current)"
 260, CUSTOM, C23-DIB (RS56), , 395 pA, ," Measured 395.193 pAmps [,  2.000 nA] (Keithley 2400.Hipot & Measure Current)"
 261, CUSTOM, C19-DIB (RS57), , 498 pA, ," Measured 497.728 pAmps [,  2.000 nA] (Keithley 2400.Hipot & Measure Current)"
 262, CUSTOM, C17-DIB (RS58), , 469 pA, ," Measured 469.163 pAmps [,  2.000 nA] (Keithley 2400.Hipot & Measure Current)"
 263, CUSTOM, C14-DIB (RS59), , 461 pA, ," Measured 461.385 pAmps [,  2.000 nA] (Keithley 2400.Hipot & Measure Current)"
 264, CUSTOM, C12-DIB (RS60), , 544 pA, ," Measured 544.250 pAmps [,  2.000 nA] (Keithley 2400.Hipot & Measure Current)"
 265, CUSTOM, C8-DIB (RS61), , 615 pA, ," Measured 614.710 pAmps [,  2.000 nA] (Keithley 2400.Hipot & Measure Current)"
 266, CUSTOM, C6-DIB (RS62), , 524 pA, ," Measured 524.016 pAmps [,  2.000 nA] (Keithley 2400.Hipot & Measure Current)"
 267, CUSTOM, C3-DIB (RS63), , 571 pA, ," Measured 570.572 pAmps [,  2.000 nA] (Keithley 2400.Hipot & Measure Current)"
 268, CUSTOM, C1-DIB (RS64), , 337 pA, ," Measured 337.244 pAmps [,  2.000 nA] (Keithley 2400.Hipot & Measure Current)"

